/*M!999999\- enable the sandbox mode */ 
-- MariaDB dump 10.19  Distrib 10.11.13-MariaDB, for debian-linux-gnu (x86_64)
--
-- Host: localhost    Database: hostwatch
-- ------------------------------------------------------
-- Server version	10.11.13-MariaDB-0ubuntu0.24.04.1

/*!40101 SET @OLD_CHARACTER_SET_CLIENT=@@CHARACTER_SET_CLIENT */;
/*!40101 SET @OLD_CHARACTER_SET_RESULTS=@@CHARACTER_SET_RESULTS */;
/*!40101 SET @OLD_COLLATION_CONNECTION=@@COLLATION_CONNECTION */;
/*!40101 SET NAMES utf8mb4 */;
/*!40103 SET @OLD_TIME_ZONE=@@TIME_ZONE */;
/*!40103 SET TIME_ZONE='+00:00' */;
/*!40014 SET @OLD_UNIQUE_CHECKS=@@UNIQUE_CHECKS, UNIQUE_CHECKS=0 */;
/*!40014 SET @OLD_FOREIGN_KEY_CHECKS=@@FOREIGN_KEY_CHECKS, FOREIGN_KEY_CHECKS=0 */;
/*!40101 SET @OLD_SQL_MODE=@@SQL_MODE, SQL_MODE='NO_AUTO_VALUE_ON_ZERO' */;
/*!40111 SET @OLD_SQL_NOTES=@@SQL_NOTES, SQL_NOTES=0 */;

--
-- Table structure for table `hosts`
--

DROP TABLE IF EXISTS `hosts`;
/*!40101 SET @saved_cs_client     = @@character_set_client */;
/*!40101 SET character_set_client = utf8mb4 */;
CREATE TABLE `hosts` (
  `Idx` int(11) NOT NULL,
  `OwnName` varchar(75) DEFAULT NULL,
  `IPv4Address` varchar(50) DEFAULT NULL,
  `IPv6Address` varchar(50) DEFAULT NULL,
  `MACAddress` varchar(50) DEFAULT NULL,
  `HostName` varchar(50) DEFAULT NULL,
  `ParentHost` int(11) DEFAULT 0,
  `InterfaceType` varchar(50) DEFAULT NULL,
  `FriendlyName` varchar(50) DEFAULT NULL,
  `TrackChanges` int(1) DEFAULT 0,
  `Active` int(1) DEFAULT 0,
  `WANAccess` int(1) DEFAULT 0,
  `VPN` int(1) DEFAULT 0,
  `RequireOnline` int(1) DEFAULT 0,
  `HideHost` int(1) DEFAULT 0,
  `Comment` varchar(1250) DEFAULT NULL,
  `MACAddressList` varchar(1250) DEFAULT NULL,
  PRIMARY KEY (`Idx`)
) ENGINE=InnoDB DEFAULT CHARSET=utf8mb4 COLLATE=utf8mb4_general_ci;
/*!40101 SET character_set_client = @saved_cs_client */;

--
-- Dumping data for table `hosts`
--

LOCK TABLES `hosts` WRITE;
/*!40000 ALTER TABLE `hosts` DISABLE KEYS */;
INSERT INTO `hosts` VALUES
(0,'FritzBox','192.168.178.1',NULL,NULL,'FritzBox',NULL,NULL,'Fritzbox',1,1,1,0,1,0,NULL,NULL),
(1,'TabletNadine','192.168.178.51','fe80::941F:F0ff:fe79:ABC9','96:1F:F0:79:AB:C9','21051182G',0,'802.11','21051182G',1,1,0,0,0,0,NULL,'96:1F:F0:79:AB:C9'),
(2,NULL,'192.168.178.2','fe80::7642:7Fff:fe03:5572','74:42:7F:03:55:72','7590Repeater',0,NULL,'7590Repeater',1,1,0,0,0,1,NULL,'74:42:7F:03:55:72,74:42:7F:03:55:73,74:42:7F:03:55:74,74:42:7F:03:55:75,74:42:7F:03:55:6F,74:42:7F:03:55:70,74:42:7F:03:55:71,86:42:7F:03:55:74,86:42:7F:03:55:75'),
(3,NULL,'192.168.178.63','fe80::f4F2:6Dff:fe3C:6918','F6:F2:6D:3C:69:18','AVRRemote',0,NULL,'AVRRemote',0,0,0,0,0,0,NULL,'F6:F2:6D:3C:69:18'),
(4,'AVRemote','192.168.178.26','fe80::5eCF:7Fff:fe3C:6918','5C:CF:7F:3C:69:18','AVRemote',0,'802.11','AVRemote',1,1,0,0,0,0,NULL,'5C:CF:7F:3C:69:18'),
(5,NULL,NULL,'fe80::58F7:4Bff:fe64:98CD','5A:F7:4B:64:98:CD','Android',0,NULL,'Android',0,0,0,0,0,0,NULL,'5A:F7:4B:64:98:CD'),
(6,NULL,'192.168.178.80','fe80::5eF3:70ff:feCD:93D5','5C:F3:70:CD:93:D5','BRW5CF370CD93D5',0,NULL,'BRW5CF370CD93D5',0,0,0,0,0,0,NULL,'5C:F3:70:CD:93:D5'),
(7,NULL,'192.168.178.39','fe80::3aD5:7Aff:fe47:E29D','38:D5:7A:47:E2:9D','CHB13219',0,NULL,'CHB13219',0,0,0,0,0,0,NULL,'38:D5:7A:47:E2:9D'),
(8,NULL,'192.168.178.70','fe80::f4F2:6Dff:fe3C:6B38','F6:F2:6D:3C:6B:38','D1Switch',0,NULL,'D1Switch',0,0,0,0,0,0,NULL,'F6:F2:6D:3C:6B:38'),
(9,NULL,'192.168.178.43','fe80::f4F2:6Dff:fe70:2D08','F6:F2:6D:70:2D:08','DESKTOP',0,NULL,'DESKTOP',0,0,0,0,0,0,NULL,'F6:F2:6D:70:2D:08'),
(10,NULL,'192.168.178.32','fe80::ae12:03ff:feD5:5AF7','AC:12:03:D5:5A:F7','DESKTOP-N3D59PB-2',0,NULL,'DESKTOP-N3D59PB-2',0,0,0,0,0,0,NULL,'AC:12:03:D5:5A:F7'),
(11,NULL,'192.168.178.61','fe80::827D:3Aff:fe3B:F497','80:7D:3A:3B:F4:97','ESP-3BF497',0,NULL,'ESP-3BF497',0,0,0,0,0,0,NULL,'80:7D:3A:3B:F4:97'),
(12,NULL,'192.168.178.28','fe80::827D:3Aff:fe3C:1CE6','80:7D:3A:3C:1C:E6','ESP-3C1CE6',0,NULL,'ESP-3C1CE6',0,0,0,0,0,0,NULL,'80:7D:3A:3C:1C:E6'),
(13,NULL,'192.168.178.65','fe80::b6E6:2Dff:feA4:75E1','B4:E6:2D:A4:75:E1','ESP32',0,NULL,'ESP32',0,0,0,0,0,0,NULL,'B4:E6:2D:A4:75:E1'),
(14,NULL,'192.168.178.55','fe80::5eCF:7Fff:fe80:135A','5C:CF:7F:80:13:5A','FilaCare',0,NULL,'FilaCare',0,0,0,0,0,0,NULL,'5C:CF:7F:80:13:5A'),
(15,NULL,'192.168.178.38','fe80::f4F2:6Dff:fe0B:0005','F6:F2:6D:0B:00:05','HOMEPC-PC--HomePC',0,NULL,'HOMEPC-PC--HomePC',0,0,0,0,0,0,NULL,'F6:F2:6D:0B:00:05'),
(16,NULL,'192.168.178.20','fe80::b2E1:7Eff:fe93:6B8B','B0:E1:7E:93:6B:8B','HUAWEI-P10-79defcfb0195c8',0,NULL,'HUAWEI-P10-79defcfb0195c8',0,0,0,0,0,0,NULL,'B0:E1:7E:93:6B:8B'),
(17,NULL,'192.168.178.60','fe80::064A:6Cff:fe85:6929','04:4A:6C:85:69:29','HUAWEI-P30-lite-31c68274f',0,NULL,'HUAWEI-P30-lite-31c68274f',0,0,0,0,0,0,NULL,'04:4A:6C:85:69:29'),
(18,NULL,'192.168.178.111','fe80::7e05:07ff:fe04:D4A9','7C:05:07:04:D4:A9','HomePC-PC',0,NULL,'HomePC-PC',0,0,0,0,0,0,NULL,'7C:05:07:04:D4:A9'),
(19,NULL,'192.168.178.37','fe80::0222:43ff:fe66:2234','00:22:43:66:22:34','Homeserver',0,NULL,'Homeserver',0,0,0,0,0,0,NULL,'00:22:43:66:22:34'),
(20,NULL,'192.168.178.17','fe80::0201:2Eff:fe2C:909F','00:01:2E:2C:90:9F','Homeserver',0,NULL,'Homeserver',0,0,0,0,0,0,NULL,'00:01:2E:2C:90:9F'),
(21,'IntervalSwitch','192.168.178.23','fe80::5eCF:7Fff:fe3C:6B38','5C:CF:7F:3C:6B:38','IntervalSwitch',0,'802.11','IntervalSwitch',1,1,0,0,0,0,NULL,'5C:CF:7F:3C:6B:38'),
(22,NULL,'192.168.178.53','fe80::8e3A:E3ff:fe73:6B13','8C:3A:E3:73:6B:13','LGE-LG-D802',0,NULL,'LGE-LG-D802',0,0,0,0,0,0,NULL,'8C:3A:E3:73:6B:13'),
(23,'LibreELEC','192.168.178.52','fe80::ba27:EBff:fe10:CE58','B8:27:EB:10:CE:58','LibreELEC',0,'802.11','LibreELEC',0,1,0,0,0,0,NULL,'B8:27:EB:10:CE:58'),
(24,'OpenDTU-F14260','192.168.178.77','fe80::c249:EFff:feF1:4260','C0:49:EF:F1:42:60','OpenDTU-F14260',0,'802.11','OpenDTU-F14260',1,1,0,0,0,0,NULL,'C0:49:EF:F1:42:60'),
(25,NULL,'192.168.178.77','fe80::0218:39ff:fe19:C727','00:18:39:19:C7:27','PC-00-18-39-19-C7-27',0,'802.11','PC-00-18-39-19-C7-27',0,0,0,0,0,0,NULL,'00:18:39:19:C7:27'),
(26,NULL,NULL,'fe80::021F:3Fff:fe0B:057A','00:1F:3F:0B:05:7A','PC-00-1F-3F-0B-05-7A',0,NULL,'PC-00-1F-3F-0B-05-7A',0,0,0,0,0,0,NULL,'00:1F:3F:0B:05:7A'),
(27,NULL,NULL,'fe80::02AD:D5ff:fe54:F9C5','00:AD:D5:54:F9:C5','PC-00-AD-D5-54-F9-C5',0,NULL,'PC-00-AD-D5-54-F9-C5',0,0,0,0,0,0,NULL,'00:AD:D5:54:F9:C5'),
(28,NULL,NULL,'fe80::be24:11ff:feEE:3623','BC:24:11:EE:36:23','PC-192-168-178-201',0,NULL,'PC-192-168-178-201',0,0,0,0,0,0,NULL,'BC:24:11:EE:36:23'),
(29,NULL,NULL,'fe80::36DE:1Aff:fe35:5381','34:DE:1A:35:53:81','PC-34-DE-1A-35-53-81',0,NULL,'PC-34-DE-1A-35-53-81',0,0,0,0,0,0,NULL,'34:DE:1A:35:53:81'),
(30,NULL,NULL,'fe80::4e75:25ff:fe2A:B512','4C:75:25:2A:B5:12','PC-4C-75-25-2A-B5-12',0,NULL,'PC-4C-75-25-2A-B5-12',0,0,0,0,0,0,NULL,'4C:75:25:2A:B5:12'),
(31,NULL,NULL,'fe80::56A0:50ff:fe70:2D08','54:A0:50:70:2D:08','PC-54-A0-50-70-2D-08',0,NULL,'PC-54-A0-50-70-2D-08',0,0,0,0,0,0,NULL,'54:A0:50:70:2D:08'),
(32,NULL,NULL,'fe80::7eDD:90ff:fe7D:C420','7C:DD:90:7D:C4:20','PC-7C-DD-90-7D-C4-20',0,NULL,'PC-7C-DD-90-7D-C4-20',0,0,0,0,0,0,NULL,'7C:DD:90:7D:C4:20'),
(33,NULL,NULL,'fe80::86F7:03ff:feE8:6F54','84:F7:03:E8:6F:54','PC-84-F7-03-E8-6F-54',0,NULL,'PC-84-F7-03-E8-6F-54',0,0,0,0,0,0,NULL,'84:F7:03:E8:6F:54'),
(34,NULL,NULL,'fe80::9644:44ff:fe8F:A106','94:44:44:8F:A1:06','PC-94-44-44-8F-A1-06',0,NULL,'PC-94-44-44-8F-A1-06',0,0,0,0,0,0,NULL,'94:44:44:8F:A1:06'),
(35,NULL,NULL,'fe80::a220:A6ff:fe21:B8C9','A0:20:A6:21:B8:C9','PC-A0-20-A6-21-B8-C9',0,NULL,'PC-A0-20-A6-21-B8-C9',0,0,0,0,0,0,NULL,'A0:20:A6:21:B8:C9'),
(36,NULL,NULL,'fe80::a2F3:C1ff:fe1E:0AC6','A0:F3:C1:1E:0A:C6','PC-A0-F3-C1-1E-0A-C6',0,NULL,'PC-A0-F3-C1-1E-0A-C6',0,0,0,0,0,0,NULL,'A0:F3:C1:1E:0A:C6'),
(37,NULL,NULL,'fe80::b674:43ff:fe6E:3FE5','B4:74:43:6E:3F:E5','PC-B4-74-43-6E-3F-E5',0,NULL,'PC-B4-74-43-6E-3F-E5',0,0,0,0,0,0,NULL,'B4:74:43:6E:3F:E5'),
(38,NULL,NULL,'fe80::ba08:CFff:fe8F:9689','B8:08:CF:8F:96:89','PC-B8-08-CF-8F-96-89',0,NULL,'PC-B8-08-CF-8F-96-89',0,0,0,0,0,0,NULL,'B8:08:CF:8F:96:89'),
(39,NULL,NULL,'fe80::ba27:EBff:fe66:71DF','B8:27:EB:66:71:DF','PC-B8-27-EB-66-71-DF',0,NULL,'PC-B8-27-EB-66-71-DF',0,0,0,0,0,0,NULL,'B8:27:EB:66:71:DF'),
(40,NULL,NULL,'fe80::ba27:EBff:feDA:D754','B8:27:EB:DA:D7:54','PC-B8-27-EB-DA-D7-54',0,NULL,'PC-B8-27-EB-DA-D7-54',0,0,0,0,0,0,NULL,'B8:27:EB:DA:D7:54'),
(41,NULL,NULL,'fe80::ba27:EBff:feE7:FAE9','B8:27:EB:E7:FA:E9','PC-B8-27-EB-E7-FA-E9',0,NULL,'PC-B8-27-EB-E7-FA-E9',0,0,0,0,0,0,NULL,'B8:27:EB:E7:FA:E9'),
(42,NULL,NULL,'fe80::bc80:4Fff:fe1E:3350','BE:80:4F:1E:33:50','PC-BE-80-4F-1E-33-50',0,NULL,'PC-BE-80-4F-1E-33-50',0,0,0,0,0,0,NULL,'BE:80:4F:1E:33:50'),
(43,NULL,NULL,'fe80::d2AB:D5ff:feA3:A18D','D0:AB:D5:A3:A1:8D','PC-D0-AB-D5-A3-A1-8D',0,NULL,'PC-D0-AB-D5-A3-A1-8D',0,0,0,0,0,0,NULL,'D0:AB:D5:A3:A1:8D'),
(44,NULL,NULL,'fe80::ee21:E5ff:fe65:F26E','EC:21:E5:65:F2:6E','PC-EC-21-E5-65-F2-6E',0,NULL,'PC-EC-21-E5-65-F2-6E',0,0,0,0,0,0,NULL,'EC:21:E5:65:F2:6E'),
(45,NULL,NULL,'fe80::ee3C:BBff:fe90:1FB8','EC:3C:BB:90:1F:B8','PC-EC-3C-BB-90-1F-B8',0,NULL,'PC-EC-3C-BB-90-1F-B8',0,0,0,0,0,0,NULL,'EC:3C:BB:90:1F:B8'),
(46,NULL,NULL,'fe80::f4F2:6Dff:fe1E:0AC6','F6:F2:6D:1E:0A:C6','PC-F6-F2-6D-1E-0A-C6',0,NULL,'PC-F6-F2-6D-1E-0A-C6',0,0,0,0,0,0,NULL,'F6:F2:6D:1E:0A:C6'),
(47,NULL,NULL,'fe80::f4F2:6Dff:fe6E:3FE5','F6:F2:6D:6E:3F:E5','PC-F6-F2-6D-6E-3F-E5',0,NULL,'PC-F6-F2-6D-6E-3F-E5',0,0,0,0,0,0,NULL,'F6:F2:6D:6E:3F:E5'),
(48,NULL,NULL,'fe80::f4F2:6Dff:fe7D:C420','F6:F2:6D:7D:C4:20','PC-F6-F2-6D-7D-C4-20',0,NULL,'PC-F6-F2-6D-7D-C4-20',0,0,0,0,0,0,NULL,'F6:F2:6D:7D:C4:20'),
(49,NULL,NULL,'fe80::f4F2:6Dff:fe90:1FB8','F6:F2:6D:90:1F:B8','PC-F6-F2-6D-90-1F-B8',0,NULL,'PC-F6-F2-6D-90-1F-B8',0,0,0,0,0,0,NULL,'F6:F2:6D:90:1F:B8'),
(50,NULL,NULL,'fe80::f4F2:6Dff:fe93:6B8B','F6:F2:6D:93:6B:8B','PC-F6-F2-6D-93-6B-8B',0,NULL,'PC-F6-F2-6D-93-6B-8B',0,0,0,0,0,0,NULL,'F6:F2:6D:93:6B:8B'),
(51,NULL,NULL,'fe80::fa1A:67ff:feD9:1E3E','F8:1A:67:D9:1E:3E','PC-F8-1A-67-D9-1E-3E',0,NULL,'PC-F8-1A-67-D9-1E-3E',0,0,0,0,0,0,NULL,'F8:1A:67:D9:1E:3E'),
(52,'Pixel-7a','192.168.178.91','fe80::08B6:57ff:fe9C:3880','0A:B6:57:9C:38:80','Pixel-7a',0,'802.11','Pixel-7a',1,1,0,0,0,0,NULL,'0A:B6:57:9C:38:80'),
(53,NULL,'192.168.178.57','fe80::ba27:EBff:feA3:402D','B8:27:EB:A3:40:2D','RaspiTester',0,'802.11','RaspiTester',0,0,0,0,0,0,NULL,'B8:27:EB:A3:40:2D'),
(54,NULL,'192.168.178.21','fe80::f26C:5Dff:fe8B:EC2F','F0:6C:5D:8B:EC:2F','Redmi-Note-11-Pro-5G',0,NULL,'Redmi-Note-11-Pro-5G',0,0,0,0,0,0,NULL,'F0:6C:5D:8B:EC:2F'),
(55,NULL,'192.168.178.203','fe80::f26C:5Dff:fe8B:EC2F','F0:6C:5D:8B:EC:2F','VolkerMobil',0,NULL,'VolkerMobil',0,0,0,1,0,0,NULL,'F0:6C:5D:8B:EC:2F'),
(56,NULL,'192.168.178.207',NULL,NULL,'Volla',0,NULL,'Volla',0,0,0,1,0,0,NULL,NULL),
(57,'Volla-Phone-Quintus','192.168.178.88','fe80::c0D1:60ff:fe84:8EB7','C2:D1:60:84:8E:B7','Volla-Phone-Quintus',0,'802.11','Volla-Phone-Quintus',1,1,0,0,0,0,NULL,'C2:D1:60:84:8E:B7'),
(58,NULL,'192.168.178.93','fe80::be24:11ff:fe21:5667','BC:24:11:21:56:67','bilder',0,'802.11','bilder',0,0,0,0,0,0,NULL,'BC:24:11:21:56:67'),
(59,NULL,'192.168.178.83','fe80::be24:11ff:fe90:7B10','BC:24:11:90:7B:10','cacti',0,NULL,'cacti',0,0,0,0,0,0,NULL,'BC:24:11:90:7B:10'),
(60,NULL,'192.168.178.206','fe80::be24:11ff:fe90:7B10','BC:24:11:90:7B:10','calibre',0,'Ethernet','calibre',0,0,0,1,0,0,NULL,'BC:24:11:90:7B:10'),
(61,'cert.schnoogcontrol.de','192.168.178.71','fe80::be24:11ff:feD9:8BE6','BC:24:11:D9:8B:E6','cert',0,'Ethernet','cert',1,1,0,0,0,0,NULL,'BC:24:11:D9:8B:E6'),
(62,NULL,'192.168.178.30','fe80::be24:11ff:feBB:A7C0','BC:24:11:BB:A7:C0','cloud',0,'Ethernet','cloud',0,0,0,0,0,0,NULL,'BC:24:11:BB:A7:C0'),
(63,'consumption-0548','192.168.178.25','fe80::c249:EFff:feF1:4224','C0:49:EF:F1:42:24','consumption-0548',0,'802.11','consumption-0548',1,1,0,0,0,0,NULL,'C0:49:EF:F1:42:24'),
(64,NULL,'192.168.178.78','fe80::be24:11ff:fe12:30F9','BC:24:11:12:30:F9','data',0,'802.11','data',0,0,0,0,0,0,NULL,'BC:24:11:12:30:F9'),
(65,NULL,'192.168.178.81','fe80::be24:11ff:feE1:EE22','BC:24:11:E1:EE:22','deploy',0,NULL,'deploy',0,0,0,0,0,0,NULL,'BC:24:11:E1:EE:22'),
(66,'docker','192.168.178.45','fe80::be24:11ff:fe89:AEDE','BC:24:11:89:AE:DE','docker',0,'Ethernet','docker',1,1,0,0,0,0,NULL,'BC:24:11:89:AE:DE'),
(67,NULL,'192.168.178.205','fe80::be24:11ff:fe89:AEDE','BC:24:11:89:AE:DE','docker-slcontrol-eu',0,'Ethernet','docker.slcontrol.eu',0,0,0,1,0,0,NULL,'BC:24:11:89:AE:DE'),
(68,NULL,'192.168.178.141','fe80::e665:B8ff:fe10:E0B4','E4:65:B8:10:E0:B4','esp32-2432s028',0,NULL,'esp32-2432s028',0,0,0,0,0,0,NULL,'E4:65:B8:10:E0:B4'),
(69,NULL,'192.168.178.48','fe80::266F:28ff:feDA:9F4C','24:6F:28:DA:9F:4C','esp32-cam',0,NULL,'esp32-cam',0,0,0,0,0,0,NULL,'24:6F:28:DA:9F:4C'),
(70,NULL,'192.168.178.85','fe80::ea06:90ff:fe92:7514','E8:06:90:92:75:14','esp32s3-927514',0,NULL,'esp32s3-927514',0,0,0,0,0,0,NULL,'E8:06:90:92:75:14'),
(71,NULL,'192.168.178.49','fe80::f612:FAff:feCB:45B4','F4:12:FA:CB:45:B4','esp32s3-CB45B4',0,NULL,'esp32s3-CB45B4',0,0,0,0,0,0,NULL,'F4:12:FA:CB:45:B4'),
(72,NULL,'192.168.178.46','fe80::a220:A6ff:fe21:C9E0','A0:20:A6:21:C9:E0','esp8266--filahum',0,NULL,'esp8266--filahum',0,0,0,0,0,0,NULL,'A0:20:A6:21:C9:E0'),
(73,NULL,'192.168.178.84','fe80::da3B:DAff:feAA:9AA8','D8:3B:DA:AA:9A:A8','espcam',0,NULL,'espcam',0,0,0,0,0,0,NULL,'D8:3B:DA:AA:9A:A8'),
(74,NULL,'192.168.178.33','fe80::b6E6:2Dff:fe9C:5425','B4:E6:2D:9C:54:25','fancontrol',0,NULL,'fancontrol',0,0,0,0,0,0,NULL,'B4:E6:2D:9C:54:25'),
(75,NULL,'192.168.178.82','fe80::f612:FAff:feCD:268C','F4:12:FA:CD:26:8C','filastation',0,NULL,'filastation',0,0,0,0,0,0,NULL,'F4:12:FA:CD:26:8C'),
(76,NULL,'192.168.178.36','fe80::be24:11ff:fe64:B5EB','BC:24:11:64:B5:EB','freetz',0,NULL,'freetz',0,0,0,0,0,0,NULL,'BC:24:11:64:B5:EB'),
(77,'fritz-buerorepeater','192.168.178.5','fe80::00ED:6Fff:fe33:A130','02:ED:6F:33:A1:30','fritz-buerorepeater',0,'802.11','fritz.buerorepeater',1,1,0,0,1,0,NULL,'1C:ED:6F:33:A1:2D,1C:ED:6F:33:A1:2E,1C:ED:6F:33:A1:30,1C:ED:6F:33:A1:31,1C:ED:6F:33:A1:2F,1C:ED:6F:33:A1:33,02:ED:6F:33:A1:30,1C:ED:6F:33:A1:32,3E:ED:6F:33:A1:30,3E:ED:6F:33:A1:31,3E:ED:6F:33:A1:32,1E:ED:6F:33:A1:30,1E:ED:6F:33:A1:31,1E:ED:6F:33:A1:32,6E:ED:6F:33:A1:30,6E:ED:6F:33:A1:31,6E:ED:6F:33:A1:32'),
(78,NULL,'192.168.178.182','fe80::b6FC:7Dff:fe8C:4266','B4:FC:7D:8C:42:66','fritz.box',0,'802.11','fritz.box',0,0,0,0,0,0,NULL,'B4:FC:7D:8C:42:66,B4:FC:7D:8C:42:67,B4:FC:7D:8C:42:65,B4:FC:7D:8C:42:64,B4:FC:7D:8C:42:63,A6:FC:7D:8C:42:70,B4:FC:7D:8C:42:70,B6:FC:7D:8C:42:70'),
(79,'fritz.repeater_wohnzimmer','192.168.178.4','fe80::2037:12ff:fe45:1ABC','22:37:12:45:1A:BC','fritz.repeater',0,'802.11','fritz.repeater',1,1,0,0,1,0,NULL,'3C:37:12:45:1A:B9,3C:37:12:45:1A:BA,3C:37:12:45:1A:BC,3C:37:12:45:1A:BD,3C:37:12:45:1A:BB,3C:37:12:45:1A:BF,22:37:12:45:1A:BC,3C:37:12:45:1A:BE,5E:37:12:45:1A:BC,5E:37:12:45:1A:BD,5E:37:12:45:1A:BE,3E:37:12:45:1A:BC,3E:37:12:45:1A:BD,3E:37:12:45:1A:BE,8E:37:12:45:1A:BC,8E:37:12:45:1A:BD,8E:37:12:45:1A:BE'),
(80,NULL,'192.168.178.86','fe80::be24:11ff:feF6:97BF','BC:24:11:F6:97:BF','games',0,'802.11','games',0,0,0,0,0,0,NULL,'BC:24:11:F6:97:BF'),
(81,'ha.schnoogcontrol.de','192.168.178.79','fe80::be24:11ff:fe4B:AC7A','BC:24:11:4B:AC:7A','ha-schnoogcontrol-de',0,'Ethernet','ha.schnoogcontrol.de',1,1,0,0,0,0,NULL,'BC:24:11:4B:AC:7A'),
(82,'heimnetz','192.168.178.54','fe80::be24:11ff:feA9:A5E0','BC:24:11:A9:A5:E0','heimnetz',0,'Ethernet','heimnetz',1,1,0,0,0,0,NULL,'BC:24:11:A9:A5:E0'),
(83,NULL,'192.168.178.227','fe80::aaA1:59ff:feA5:23BF','A8:A1:59:A5:23:BF','heimserver',0,'Ethernet','heimserver',0,0,0,0,0,0,NULL,'A8:A1:59:A5:23:BF'),
(84,NULL,'192.168.178.72','fe80::2eD0:5Aff:fe0B:0005','2C:D0:5A:0B:00:05','homelaptop',0,NULL,'homelaptop',0,0,0,0,0,0,NULL,'2C:D0:5A:0B:00:05'),
(85,'homeserver','192.168.178.27','fe80::02E0:B4ff:fe69:4F06','00:E0:B4:69:4F:06','homeserver',0,'Ethernet','homeserver',1,1,0,0,1,0,NULL,'00:E0:B4:69:4F:06'),
(86,NULL,'192.168.178.90','fe80::7a45:61ff:fe2C:1C79','78:45:61:2C:1C:79','kobo',0,'Ethernet','kobo',0,0,0,0,0,0,NULL,'78:45:61:2C:1C:79'),
(87,NULL,'192.168.178.68','fe80::be24:11ff:fe83:9634','BC:24:11:83:96:34','monitor',0,NULL,'monitor',0,0,0,0,0,0,NULL,'BC:24:11:83:96:34'),
(88,NULL,'192.168.178.74','fe80::b68A:0Aff:feB0:1E20','B4:8A:0A:B0:1E:20','myStrom-Switch-B01E20',0,NULL,'myStrom-Switch-B01E20',0,0,0,0,0,0,NULL,'B4:8A:0A:B0:1E:20'),
(89,NULL,'192.168.178.201','fe80::b68A:0Aff:feB0:1E20','B4:8A:0A:B0:1E:20','myfritz-app-huaweiele-l29',0,NULL,'MyFRITZ!App (HUAWEI ELE-L29)',0,0,0,1,0,0,NULL,'B4:8A:0A:B0:1E:20'),
(90,NULL,'192.168.178.204',NULL,NULL,'myfritz-app-xiaomi2201116sg',0,NULL,'MyFRITZ!App (Xiaomi 2201116SG)',0,0,0,1,0,0,NULL,NULL),
(91,'octopi','192.168.178.35','fe80::ba27:EBff:fe33:248A','B8:27:EB:33:24:8A','octopi',0,'Ethernet','octopi',1,1,0,0,0,0,NULL,'B8:27:EB:33:24:8A'),
(92,NULL,'192.168.178.67','fe80::be24:11ff:feB4:128A','BC:24:11:B4:12:8A','pai',0,'Ethernet','pai',0,0,0,0,0,0,NULL,'BC:24:11:B4:12:8A'),
(93,NULL,'192.168.178.56','fe80::be24:11ff:fe73:3970','BC:24:11:73:39:70','paperless',0,NULL,'paperless',0,0,0,0,0,0,NULL,'BC:24:11:73:39:70'),
(94,NULL,'192.168.178.63','fe80::be24:11ff:fe32:5523','BC:24:11:32:55:23','paperlessai',0,NULL,'paperlessai',0,0,0,0,0,0,NULL,'BC:24:11:32:55:23'),
(95,NULL,'192.168.178.38','fe80::be24:11ff:feF4:8D56','BC:24:11:F4:8D:56','parts',0,NULL,'parts',0,0,0,0,0,0,NULL,'BC:24:11:F4:8D:56'),
(96,NULL,'192.168.178.44','fe80::be24:11ff:feA0:963B','BC:24:11:A0:96:3B','phpdev',0,NULL,'phpdev',0,0,0,0,0,0,NULL,'BC:24:11:A0:96:3B'),
(97,NULL,'192.168.178.75','fe80::be24:11ff:fe81:C047','BC:24:11:81:C0:47','pialert',0,NULL,'pialert',0,0,0,0,0,0,NULL,'BC:24:11:81:C0:47'),
(98,'pihole','192.168.178.199','fe80::ba27:EBff:fe9E:6070','B8:27:EB:9E:60:70','pihole',0,'Ethernet','pihole',1,1,0,0,0,0,NULL,'B8:27:EB:9E:60:70'),
(99,NULL,'192.168.178.76','fe80::be24:11ff:feC4:8945','BC:24:11:C4:89:45','pk',0,'Ethernet','pk',0,0,0,0,0,0,NULL,'BC:24:11:C4:89:45'),
(100,NULL,'192.168.178.22','fe80::86F7:03ff:feE8:6EDA','84:F7:03:E8:6E:DA','printcam',0,NULL,'printcam',0,0,0,0,0,0,NULL,'84:F7:03:E8:6E:DA'),
(101,NULL,'192.168.178.29','fe80::be24:11ff:fe3B:9590','BC:24:11:3B:95:90','proxy',0,NULL,'proxy',0,0,0,0,0,0,NULL,'BC:24:11:3B:95:90'),
(102,'proxy.schnoogcontrol.de','192.168.178.151','fe80::be24:11ff:feE1:885F','BC:24:11:E1:88:5F','proxy-schnoogcontrol-de',0,'Ethernet','proxy.schnoogcontrol.de',1,1,0,0,0,0,NULL,'BC:24:11:E1:88:5F'),
(103,'RPI3','192.168.178.73','fe80::7eDD:90ff:fe67:D5F2','7C:DD:90:67:D5:F2','raspberrypi',0,'802.11','raspberrypi',1,1,0,0,1,0,NULL,'7C:DD:90:67:D5:F2'),
(104,NULL,'192.168.178.24','fe80::f4F2:6Dff:fe67:D5F2','F6:F2:6D:67:D5:F2','rp3',0,'802.11','rp3',0,0,0,0,0,0,NULL,'F6:F2:6D:67:D5:F2'),
(105,NULL,'192.168.178.202','fe80::f4F2:6Dff:fe67:D5F2','F6:F2:6D:67:D5:F2','schnoog',0,NULL,'schnoog',0,0,0,1,0,0,NULL,'F6:F2:6D:67:D5:F2'),
(106,NULL,'192.168.178.58','fe80::3aB4:D3ff:feC2:388B','38:B4:D3:C2:38:8B','siemens-dishwasher-012060389359019501',0,NULL,'siemens-dishwasher-012060389359019501',0,0,0,0,0,0,NULL,'38:B4:D3:C2:38:8B'),
(107,NULL,'192.168.178.41','fe80::be24:11ff:fe4F:CD3D','BC:24:11:4F:CD:3D','small',0,NULL,'small',0,0,0,0,0,0,NULL,'BC:24:11:4F:CD:3D'),
(108,'tasmota-B071B5-4533','192.168.178.65','fe80::86F3:EBff:feB0:71B5','84:F3:EB:B0:71:B5','tasmota-B071B5-4533',0,'802.11','tasmota-B071B5-4533',1,1,0,0,0,0,NULL,'84:F3:EB:B0:71:B5'),
(109,NULL,'192.168.178.50','fe80::4291:51ff:fe6B:2D9E','40:91:51:6B:2D:9E','tasmota-ZSU1-3486',0,'802.11','tasmota-ZSU1-3486',0,0,0,0,0,0,NULL,'40:91:51:6B:2D:9E'),
(110,'tasmota-ZSU2-5333','192.168.178.53','fe80::4291:51ff:fe6A:F4D5','40:91:51:6A:F4:D5','tasmota-ZSU2-5333',0,'802.11','tasmota-ZSU2-5333',1,1,0,0,0,0,NULL,'40:91:51:6A:F4:D5'),
(111,NULL,'192.168.178.96','fe80::be24:11ff:fe2B:CAF5','BC:24:11:2B:CA:F5','testmenow',0,'802.11','testmenow',0,0,0,0,0,0,NULL,'BC:24:11:2B:CA:F5'),
(112,NULL,'192.168.178.89','fe80::1e9F:4Eff:fe9A:0E48','1C:9F:4E:9A:0E:48','ubuntu-phablet',0,NULL,'ubuntu-phablet',0,0,0,0,0,0,NULL,'1C:9F:4E:9A:0E:48'),
(113,'vault','192.168.178.34','fe80::be24:11ff:fe32:1C3A','BC:24:11:32:1C:3A','vault',0,'Ethernet','vault',1,1,0,0,0,0,NULL,'BC:24:11:32:1C:3A'),
(114,NULL,'192.168.178.64','fe80::0aE9:F6ff:fe55:F51C','08:E9:F6:55:F5:1C','vero',0,'Ethernet','vero',0,0,0,0,0,0,NULL,'08:E9:F6:55:F5:1C'),
(115,'Vero','192.168.178.69','fe80::920E:B3ff:fe37:5112','90:0E:B3:37:51:12','vero',0,'Ethernet','vero',1,1,0,0,0,0,NULL,'90:0E:B3:37:51:12'),
(116,'vero neu','192.168.178.92','fe80::96CC:04ff:fe60:0ED1','94:CC:04:60:0E:D1','vero2',0,'Ethernet','vero2',1,1,0,0,0,0,NULL,'94:CC:04:60:0E:D1'),
(117,NULL,'192.168.178.40','fe80::be24:11ff:feD4:6EAF','BC:24:11:D4:6E:AF','versuch',0,'Ethernet','versuch',0,0,0,0,0,0,NULL,'BC:24:11:D4:6E:AF'),
(118,'volker-Crawler-E25','192.168.178.62','fe80::a642:3Bff:feF9:649C','A4:42:3B:F9:64:9C','volker-Crawler-E25',0,'802.11','volker-Crawler-E25',1,1,0,0,0,0,NULL,'A4:42:3B:F9:64:9C'),
(119,NULL,'192.168.178.31','fe80::2eF0:5Dff:fe9E:F3CD','2C:F0:5D:9E:F3:CD','volker-PC',0,'802.11','volker-PC',0,0,0,0,0,0,NULL,'2C:F0:5D:9E:F3:CD'),
(120,'volker-PC','192.168.178.31','fe80::2eF0:5Dff:fe9E:F3CD','2C:F0:5D:9E:F3:CD','volker-PC',0,'Ethernet','volker-PC',1,0,0,0,0,0,NULL,'2C:F0:5D:9E:F3:CD');
/*!40000 ALTER TABLE `hosts` ENABLE KEYS */;
UNLOCK TABLES;

--
-- Table structure for table `hostscope`
--

DROP TABLE IF EXISTS `hostscope`;
/*!40101 SET @saved_cs_client     = @@character_set_client */;
/*!40101 SET character_set_client = utf8mb4 */;
CREATE TABLE `hostscope` (
  `id` int(11) NOT NULL AUTO_INCREMENT,
  `hostid` int(11) DEFAULT NULL,
  `scopeid` int(11) DEFAULT NULL,
  `interval` int(11) DEFAULT NULL,
  `lastrun` int(11) DEFAULT NULL,
  `scopetest` varchar(250) DEFAULT NULL,
  PRIMARY KEY (`id`),
  UNIQUE KEY `uniq_hostscope` (`hostid`,`scopeid`)
) ENGINE=InnoDB DEFAULT CHARSET=utf8mb4 COLLATE=utf8mb4_general_ci;
/*!40101 SET character_set_client = @saved_cs_client */;

--
-- Dumping data for table `hostscope`
--

LOCK TABLES `hostscope` WRITE;
/*!40000 ALTER TABLE `hostscope` DISABLE KEYS */;
/*!40000 ALTER TABLE `hostscope` ENABLE KEYS */;
UNLOCK TABLES;

--
-- Table structure for table `scopes`
--

DROP TABLE IF EXISTS `scopes`;
/*!40101 SET @saved_cs_client     = @@character_set_client */;
/*!40101 SET character_set_client = utf8mb4 */;
CREATE TABLE `scopes` (
  `id` int(11) NOT NULL AUTO_INCREMENT,
  `scope` varchar(250) DEFAULT NULL,
  `call` varchar(250) DEFAULT NULL,
  PRIMARY KEY (`id`)
) ENGINE=InnoDB AUTO_INCREMENT=3 DEFAULT CHARSET=utf8mb4 COLLATE=utf8mb4_general_ci;
/*!40101 SET character_set_client = @saved_cs_client */;

--
-- Dumping data for table `scopes`
--

LOCK TABLES `scopes` WRITE;
/*!40000 ALTER TABLE `scopes` DISABLE KEYS */;
INSERT INTO `scopes` VALUES
(1,'ping','c_ping'),
(2,'curl','c_curl');
/*!40000 ALTER TABLE `scopes` ENABLE KEYS */;
UNLOCK TABLES;

--
-- Table structure for table `statechange`
--

DROP TABLE IF EXISTS `statechange`;
/*!40101 SET @saved_cs_client     = @@character_set_client */;
/*!40101 SET character_set_client = utf8mb4 */;
CREATE TABLE `statechange` (
  `id` int(11) NOT NULL AUTO_INCREMENT,
  `idx` int(11) NOT NULL,
  `state` int(11) NOT NULL,
  `timestamp` int(11) NOT NULL,
  PRIMARY KEY (`id`)
) ENGINE=InnoDB AUTO_INCREMENT=1605 DEFAULT CHARSET=utf8mb4 COLLATE=utf8mb4_general_ci;
/*!40101 SET character_set_client = @saved_cs_client */;

--
-- Dumping data for table `statechange`
--

LOCK TABLES `statechange` WRITE;
/*!40000 ALTER TABLE `statechange` DISABLE KEYS */;
INSERT INTO `statechange` VALUES
(1441,1,1,1758986945),
(1442,2,1,1758986945),
(1443,3,0,1758986945),
(1444,4,1,1758986945),
(1445,5,0,1758986945),
(1446,6,0,1758986945),
(1447,7,0,1758986945),
(1448,8,0,1758986945),
(1449,9,0,1758986945),
(1450,10,0,1758986945),
(1451,11,0,1758986945),
(1452,12,0,1758986945),
(1453,13,0,1758986945),
(1454,14,0,1758986945),
(1455,15,0,1758986945),
(1456,16,0,1758986945),
(1457,17,0,1758986945),
(1458,18,0,1758986945),
(1459,19,0,1758986945),
(1460,20,0,1758986945),
(1461,21,1,1758986945),
(1462,22,0,1758986945),
(1463,23,1,1758986945),
(1464,24,0,1758986945),
(1465,25,1,1758986945),
(1466,26,0,1758986945),
(1467,27,0,1758986945),
(1468,28,0,1758986945),
(1469,29,0,1758986945),
(1470,30,0,1758986945),
(1471,31,0,1758986945),
(1472,32,0,1758986945),
(1473,33,0,1758986945),
(1474,34,0,1758986945),
(1475,35,0,1758986945),
(1476,36,0,1758986945),
(1477,37,0,1758986945),
(1478,38,0,1758986945),
(1479,39,0,1758986945),
(1480,40,0,1758986945),
(1481,41,0,1758986945),
(1482,42,0,1758986945),
(1483,43,0,1758986945),
(1484,44,0,1758986945),
(1485,45,0,1758986945),
(1486,46,0,1758986945),
(1487,47,0,1758986945),
(1488,48,0,1758986945),
(1489,49,0,1758986945),
(1490,50,0,1758986945),
(1491,51,0,1758986945),
(1492,52,0,1758986945),
(1493,53,1,1758986945),
(1494,54,0,1758986945),
(1495,55,0,1758986945),
(1496,56,0,1758986945),
(1497,57,0,1758986945),
(1498,58,1,1758986945),
(1499,59,0,1758986945),
(1500,60,0,1758986945),
(1501,61,0,1758986945),
(1502,62,0,1758986945),
(1503,63,0,1758986945),
(1504,64,1,1758986945),
(1505,65,0,1758986945),
(1506,66,0,1758986945),
(1507,67,1,1758986945),
(1508,68,0,1758986945),
(1509,69,0,1758986945),
(1510,70,0,1758986945),
(1511,71,0,1758986945),
(1512,72,0,1758986945),
(1513,73,0,1758986945),
(1514,74,0,1758986945),
(1515,75,0,1758986945),
(1516,76,0,1758986945),
(1517,77,0,1758986945),
(1518,78,1,1758986945),
(1519,79,0,1758986945),
(1520,80,1,1758986945),
(1521,81,0,1758986945),
(1522,82,1,1758986945),
(1523,83,1,1758986945),
(1524,84,0,1758986945),
(1525,85,0,1758986945),
(1526,86,1,1758986945),
(1527,87,0,1758986945),
(1528,88,0,1758986945),
(1529,89,0,1758986945),
(1530,90,0,1758986945),
(1531,91,0,1758986945),
(1532,92,1,1758986945),
(1533,93,0,1758986945),
(1534,94,0,1758986945),
(1535,95,0,1758986945),
(1536,96,0,1758986945),
(1537,97,0,1758986945),
(1538,98,0,1758986945),
(1539,99,1,1758986945),
(1540,100,0,1758986945),
(1541,101,0,1758986945),
(1542,102,0,1758986945),
(1543,103,1,1758986945),
(1544,104,1,1758986945),
(1545,105,0,1758986945),
(1546,106,0,1758986945),
(1547,107,0,1758986945),
(1548,108,0,1758986945),
(1549,109,1,1758986945),
(1550,110,0,1758986945),
(1551,111,1,1758986945),
(1552,112,0,1758986945),
(1553,113,0,1758986945),
(1554,114,1,1758986945),
(1555,115,0,1758986945),
(1556,116,1,1758986945),
(1557,117,1,1758986945),
(1558,118,0,1758986945),
(1559,119,1,1758986945),
(1560,120,0,1758986945),
(1561,23,0,1758986974),
(1562,24,1,1758986974),
(1563,23,1,1758992488),
(1564,24,0,1758992488),
(1565,62,1,1758992488),
(1566,23,0,1758993205),
(1567,24,1,1758993205),
(1568,23,1,1758993566),
(1569,25,0,1758993566),
(1570,52,1,1758993566),
(1571,53,0,1758993566),
(1572,57,1,1758993566),
(1573,58,0,1758993566),
(1574,61,1,1758993566),
(1575,62,0,1758993566),
(1576,63,1,1758993566),
(1577,64,0,1758993566),
(1578,66,1,1758993566),
(1579,67,0,1758993566),
(1580,77,1,1758993566),
(1581,78,0,1758993566),
(1582,79,1,1758993566),
(1583,80,0,1758993566),
(1584,83,0,1758993566),
(1585,85,1,1758993566),
(1586,86,0,1758993566),
(1587,91,1,1758993566),
(1588,92,0,1758993566),
(1589,98,1,1758993566),
(1590,99,0,1758993566),
(1591,102,1,1758993566),
(1592,104,0,1758993566),
(1593,108,1,1758993566),
(1594,109,0,1758993566),
(1595,110,1,1758993566),
(1596,111,0,1758993566),
(1597,113,1,1758993566),
(1598,114,0,1758993566),
(1599,115,1,1758993566),
(1600,117,0,1758993566),
(1601,118,1,1758993566),
(1602,119,0,1758993566),
(1603,0,1,1758996456),
(1604,81,1,1758996456);
/*!40000 ALTER TABLE `statechange` ENABLE KEYS */;
UNLOCK TABLES;

--
-- Table structure for table `targets`
--

DROP TABLE IF EXISTS `targets`;
/*!40101 SET @saved_cs_client     = @@character_set_client */;
/*!40101 SET character_set_client = utf8mb4 */;
CREATE TABLE `targets` (
  `id` int(11) NOT NULL AUTO_INCREMENT,
  `hostid` int(11) DEFAULT NULL,
  `targettypid` int(11) DEFAULT NULL,
  `target` varchar(250) DEFAULT NULL,
  `targetname` int(11) DEFAULT NULL,
  PRIMARY KEY (`id`),
  UNIQUE KEY `uniq_h_tn` (`hostid`,`targetname`)
) ENGINE=InnoDB DEFAULT CHARSET=utf8mb4 COLLATE=utf8mb4_general_ci;
/*!40101 SET character_set_client = @saved_cs_client */;

--
-- Dumping data for table `targets`
--

LOCK TABLES `targets` WRITE;
/*!40000 ALTER TABLE `targets` DISABLE KEYS */;
/*!40000 ALTER TABLE `targets` ENABLE KEYS */;
UNLOCK TABLES;

--
-- Table structure for table `targettypes`
--

DROP TABLE IF EXISTS `targettypes`;
/*!40101 SET @saved_cs_client     = @@character_set_client */;
/*!40101 SET character_set_client = utf8mb4 */;
CREATE TABLE `targettypes` (
  `id` int(11) NOT NULL AUTO_INCREMENT,
  `targettype` varchar(250) DEFAULT NULL,
  PRIMARY KEY (`id`),
  UNIQUE KEY `uniq_tt` (`targettype`)
) ENGINE=InnoDB AUTO_INCREMENT=3 DEFAULT CHARSET=utf8mb4 COLLATE=utf8mb4_general_ci;
/*!40101 SET character_set_client = @saved_cs_client */;

--
-- Dumping data for table `targettypes`
--

LOCK TABLES `targettypes` WRITE;
/*!40000 ALTER TABLE `targettypes` DISABLE KEYS */;
INSERT INTO `targettypes` VALUES
(2,'ssh'),
(1,'web');
/*!40000 ALTER TABLE `targettypes` ENABLE KEYS */;
UNLOCK TABLES;
/*!40103 SET TIME_ZONE=@OLD_TIME_ZONE */;

/*!40101 SET SQL_MODE=@OLD_SQL_MODE */;
/*!40014 SET FOREIGN_KEY_CHECKS=@OLD_FOREIGN_KEY_CHECKS */;
/*!40014 SET UNIQUE_CHECKS=@OLD_UNIQUE_CHECKS */;
/*!40101 SET CHARACTER_SET_CLIENT=@OLD_CHARACTER_SET_CLIENT */;
/*!40101 SET CHARACTER_SET_RESULTS=@OLD_CHARACTER_SET_RESULTS */;
/*!40101 SET COLLATION_CONNECTION=@OLD_COLLATION_CONNECTION */;
/*!40111 SET SQL_NOTES=@OLD_SQL_NOTES */;

-- Dump completed on 2025-09-28 22:36:09
